S,S,S,S,S,S,S,S,S,S,S,S,S,S,S,S,S,S,S,S,S,S,S,S,S,S,S,S,S,S,S,S,V,V,V,V,V,V,V,V,V,V,V,V,V,V,S,S,S,S,S,S,S,S,S,S,V,V,V,V,V,V,V,V,S,S,S,S,S,S,S,S,S,S,S,S,S,S,S,S,S,S,S,S,S,S,S,S,S,S,S,S,S,S,S,S
S,S,S,S,S,S,S,S,S,S,S,S,S,S,S,S,S,S,S,S,S,S,S,S,S,S,S,S,S,S,S,S,S,S,S,S,S,S,S,V,V,V,V,V,V,V,S,S,S,S,S,S,S,S,S,S,V,V,V,V,V,V,V,V,S,S,S,S,S,S,S,S,S,S,S,S,S,S,S,S,S,S,S,S,S,S,S,S,S,S,S,S,S,S,S,S
S,S,S,S,S,S,S,S,S,S,S,S,S,S,S,S,S,S,S,S,S,S,S,S,S,S,S,S,B,D,D,D,D,D,D,D,D,D,S,V,V,V,V,V,V,V,S,S,D,D,D,D,D,D,S,S,S,S,S,S,S,V,V,V,S,S,S,S,S,S,S,S,S,S,S,S,S,S,S,S,S,S,S,S,S,S,S,S,S,S,S,S,S,S,S,S
S,S,S,S,S,S,S,S,S,S,S,S,S,S,S,S,S,S,S,S,S,S,S,S,S,S,S,S,S,S,S,S,S,S,S,S,S,D,S,V,V,V,V,V,V,V,S,S,D,D,D,D,D,D,D,D,D,D,D,D,S,V,V,V,S,S,S,S,S,D,D,D,D,D,D,S,S,S,S,S,S,S,S,S,S,S,S,S,S,S,S,S,S,S,S,S
S,S,S,S,S,S,S,S,S,S,S,S,S,S,S,S,S,S,S,S,S,S,S,S,S,S,S,S,S,S,S,S,V,V,V,V,S,D,S,V,V,V,V,V,V,V,S,S,D,D,D,D,D,D,S,S,S,S,S,D,S,V,V,V,S,S,S,S,E,D,D,D,D,D,D,S,S,S,S,S,S,S,S,S,S,S,S,S,S,S,S,S,S,S,S,S
S,S,S,S,S,S,S,S,S,S,S,S,S,S,S,S,S,S,S,S,S,S,S,S,S,S,S,S,S,S,S,S,V,V,V,V,S,D,S,V,V,V,V,V,V,V,S,S,D,D,D,D,D,D,S,S,V,V,S,D,S,V,V,V,S,S,S,S,S,D,D,D,D,D,D,S,S,S,S,S,S,S,S,S,S,S,S,S,S,S,S,S,S,S,S,S
S,S,S,S,S,S,S,S,S,S,S,S,S,S,S,S,S,S,S,S,S,S,S,S,S,S,S,S,S,S,S,S,V,V,V,V,S,D,S,V,V,V,V,V,V,V,S,S,D,D,D,D,D,D,S,S,V,V,S,D,S,V,V,V,S,S,S,S,S,S,S,S,S,D,D,S,S,S,S,S,S,S,S,S,S,S,S,S,S,S,S,S,S,S,S,S
S,S,S,S,S,S,S,S,S,S,S,S,S,S,S,S,S,S,S,S,S,S,S,S,S,S,S,S,S,S,S,S,V,V,V,V,S,D,S,V,V,V,V,V,V,V,S,S,D,D,D,D,D,D,S,S,V,V,S,D,S,V,V,V,S,S,S,S,S,S,S,S,S,D,D,S,S,S,S,S,S,S,S,S,S,S,S,S,S,S,S,S,S,S,S,S
S,S,S,S,S,S,S,S,S,S,S,S,S,S,S,S,S,S,S,S,S,S,S,S,S,S,S,S,S,S,S,S,V,V,V,V,S,D,S,V,V,V,V,V,V,V,S,S,S,S,S,S,S,S,S,S,V,V,S,D,S,V,V,V,S,S,S,S,S,S,S,S,S,D,D,S,S,S,S,S,S,S,S,S,S,S,S,S,S,S,S,S,S,S,S,S
S,S,S,S,S,S,S,S,S,S,S,S,S,S,S,S,S,S,S,S,S,S,S,S,S,S,S,S,S,S,S,S,V,V,V,V,S,D,S,V,V,V,V,V,V,V,S,S,S,S,S,S,S,S,S,S,V,V,S,D,S,V,V,V,S,S,S,S,S,S,S,S,S,D,D,S,S,S,S,S,S,S,S,S,S,S,S,S,S,S,S,S,S,S,S,S
S,S,S,S,S,S,S,S,S,S,S,S,S,S,S,S,S,S,S,S,S,S,S,S,S,S,S,S,S,S,S,S,V,V,V,S,S,D,S,S,S,V,V,V,V,V,V,V,V,V,V,V,V,V,V,V,V,V,S,D,S,V,V,V,S,S,S,S,S,S,S,S,S,D,D,S,S,S,S,S,S,S,S,S,S,S,S,S,S,S,S,S,S,S,S,S
S,S,S,S,S,S,S,S,S,S,S,S,D,D,D,C,S,S,S,S,S,S,S,S,S,S,S,S,S,S,S,S,V,V,V,S,D,D,D,D,S,V,V,V,V,V,V,V,V,V,V,V,V,V,V,V,V,V,S,D,S,V,V,V,S,S,S,S,S,S,S,S,S,D,D,S,S,S,S,S,S,S,S,S,S,S,S,S,S,S,S,S,S,S,S,S
S,S,S,S,S,S,S,S,S,S,S,S,D,D,D,S,S,S,S,S,S,S,S,S,S,S,S,S,S,S,S,S,V,V,V,S,D,D,D,D,S,S,S,S,S,S,S,S,S,S,S,S,S,S,S,S,S,S,S,D,S,V,V,V,S,S,S,S,S,S,S,S,S,D,D,S,S,S,S,S,S,S,S,S,S,S,S,S,S,S,S,S,S,S,S,S
S,S,S,S,S,S,S,S,S,S,S,S,D,D,D,S,S,S,S,S,S,S,S,S,S,S,S,S,S,S,S,S,V,V,V,S,D,D,D,D,D,D,D,D,D,D,D,D,D,D,D,D,D,D,D,D,D,D,D,D,S,V,V,V,S,S,S,S,S,S,S,S,S,D,D,S,S,S,S,S,S,S,S,S,S,S,S,S,S,S,S,S,S,S,S,S
S,S,S,S,S,S,S,S,S,S,S,S,D,D,D,D,D,D,D,D,D,D,D,D,D,S,S,S,S,S,S,S,V,V,V,S,D,D,D,D,S,S,S,S,S,S,S,S,S,S,S,S,S,S,S,S,S,S,S,S,S,V,V,V,S,S,S,S,S,S,S,S,S,D,D,S,S,S,S,S,S,S,S,S,S,S,S,S,S,S,S,S,S,S,S,S
S,S,S,S,S,S,S,S,S,S,S,S,D,D,D,D,D,D,D,D,D,D,D,D,D,S,S,S,S,S,S,S,V,V,V,S,S,S,S,S,S,V,V,V,V,V,V,V,V,V,V,V,V,V,V,V,V,V,V,V,V,V,V,V,S,S,S,S,S,S,S,S,S,D,D,S,S,S,S,S,S,S,S,S,S,S,S,S,S,S,S,S,S,S,S,S
S,S,S,S,S,S,S,S,S,S,S,S,S,S,S,S,S,S,S,S,S,S,S,D,D,S,S,S,S,S,S,S,V,V,V,V,V,V,V,V,V,V,V,V,V,V,V,V,V,V,V,V,V,V,V,V,V,V,V,V,V,V,V,V,S,S,S,S,S,S,S,S,S,D,D,S,S,S,S,S,S,S,S,S,S,S,S,S,S,S,S,S,S,S,S,S
S,S,S,S,S,S,S,S,S,S,S,S,S,S,S,S,S,S,S,S,S,S,S,D,D,S,S,S,S,S,S,S,V,V,V,V,V,V,V,V,V,V,V,V,V,V,V,V,V,V,V,V,V,V,V,V,V,V,V,V,V,V,V,V,S,S,S,S,S,S,S,S,S,D,D,S,S,S,S,S,S,S,S,S,S,S,S,S,S,S,S,S,S,S,S,S
S,S,S,S,S,S,S,S,S,S,S,S,S,S,S,S,S,S,S,S,S,S,S,D,D,S,S,S,S,S,S,S,S,S,S,S,S,S,S,S,S,S,S,S,S,S,S,S,S,S,S,S,S,S,S,S,S,S,S,S,S,S,S,S,S,S,S,S,S,S,S,S,S,D,D,S,S,S,S,S,S,S,S,S,S,S,S,S,S,S,S,S,S,S,S,S
S,S,S,S,S,S,S,S,S,S,S,S,S,S,S,S,S,S,S,S,S,S,S,D,D,S,S,S,S,S,S,S,S,S,S,S,S,S,S,S,S,S,S,S,S,S,S,S,S,S,S,S,S,S,S,S,S,S,S,S,S,S,S,S,S,S,S,S,S,S,S,S,S,D,D,S,S,S,S,S,S,S,S,S,S,S,S,S,S,S,S,S,S,S,S,S
S,S,S,S,S,S,S,S,S,S,S,S,S,S,S,S,S,S,S,S,S,S,S,D,D,S,S,S,S,S,S,S,S,S,S,S,S,S,S,S,S,S,S,S,S,S,S,S,S,S,S,S,S,S,S,S,S,S,S,S,S,S,S,S,S,S,S,S,S,S,S,S,S,D,D,S,S,S,S,S,S,S,S,S,S,S,S,S,S,S,S,S,S,S,S,S
S,S,S,S,S,S,S,S,S,S,S,S,S,S,S,S,S,S,S,S,S,S,S,D,D,S,S,S,S,S,S,S,S,S,S,S,S,S,S,S,S,S,S,S,S,S,S,S,S,S,S,S,S,S,S,S,S,S,S,S,S,S,S,S,S,S,S,S,S,S,S,S,S,D,D,S,S,S,S,S,S,S,S,S,S,S,S,S,S,S,S,S,S,S,S,S
S,S,S,S,S,S,S,S,S,S,S,S,S,S,S,S,S,S,S,S,S,S,S,D,D,S,S,S,S,S,S,S,S,S,S,S,S,S,S,S,S,S,S,S,S,S,S,S,S,S,S,S,S,S,S,S,S,S,S,S,S,S,S,S,S,S,S,S,S,S,S,S,S,D,D,S,S,S,S,S,S,S,S,S,S,S,S,S,S,S,S,S,S,S,S,S
S,S,S,S,S,S,S,S,S,S,S,S,S,S,S,S,S,S,S,S,S,S,S,D,D,S,S,S,S,S,S,S,S,S,S,S,S,S,S,S,S,S,S,S,S,S,S,S,S,S,S,S,S,S,S,S,S,S,S,S,S,S,S,S,S,S,S,S,S,S,S,S,S,D,D,S,S,S,S,S,S,S,S,S,S,S,S,S,S,S,S,S,S,S,S,S
S,S,S,S,S,S,S,S,S,S,S,S,S,S,S,S,S,S,S,S,S,S,S,D,D,S,S,S,S,S,S,S,S,S,S,S,S,S,S,S,S,S,S,S,S,S,S,S,S,S,S,S,S,S,S,S,S,S,S,S,S,S,S,S,S,S,S,S,S,S,S,S,S,D,D,S,S,S,S,S,S,S,S,S,S,S,S,S,S,S,S,S,S,S,S,S
S,S,S,S,S,S,S,S,S,S,S,S,S,S,S,S,S,S,S,S,S,S,S,D,D,D,D,D,D,D,D,D,D,D,D,D,D,D,D,D,D,D,D,D,D,D,D,D,D,D,D,D,D,D,D,D,D,D,D,D,D,D,D,D,D,D,D,D,D,D,D,D,D,D,D,S,S,S,S,S,S,S,S,S,S,S,S,S,S,S,S,S,S,S,S,S
S,S,S,S,S,S,S,S,S,S,S,S,S,S,S,S,S,S,S,S,S,S,S,D,D,D,D,D,D,D,D,D,D,D,D,D,D,D,D,D,D,D,D,D,D,D,D,D,D,D,D,D,D,D,D,D,D,D,D,D,D,D,D,D,D,D,D,D,D,D,D,D,D,D,D,S,S,S,S,S,S,S,S,S,S,S,S,S,S,S,S,S,S,S,S,S
S,S,S,S,S,S,S,S,S,S,S,S,S,S,S,S,S,S,S,S,S,S,S,S,S,S,S,S,S,S,S,S,S,S,S,S,S,S,S,S,S,S,S,S,S,S,S,S,S,S,S,S,S,S,S,S,S,S,S,S,S,S,S,S,S,S,S,S,S,S,S,S,S,S,S,S,S,S,S,S,S,S,S,S,S,S,S,S,S,S,S,S,S,S,S,S
S,S,S,S,S,S,S,S,S,S,S,S,S,S,S,S,S,S,S,S,S,S,S,S,S,S,S,S,S,S,S,S,S,S,S,S,S,S,S,S,S,S,S,S,S,S,S,S,S,S,S,S,S,S,S,S,S,S,S,S,S,S,S,S,S,S,S,S,S,S,S,S,S,S,S,S,S,S,S,S,S,S,S,S,S,S,S,S,S,S,S,S,S,S,S,S
S,S,S,S,S,S,S,S,S,S,S,S,S,S,S,S,S,S,S,S,S,S,S,S,S,S,S,S,S,S,S,S,S,S,S,S,S,S,S,S,S,S,S,S,S,S,S,S,S,S,S,S,S,S,S,S,S,S,S,S,S,S,S,S,S,S,S,S,S,S,S,S,S,S,S,S,S,S,S,S,S,S,S,S,S,S,S,S,S,S,S,S,S,S,S,S
S,S,S,S,S,S,S,S,S,S,S,S,S,S,S,S,S,S,S,S,S,S,S,S,S,S,S,S,S,S,S,S,S,S,S,S,S,S,S,S,S,S,S,S,S,S,S,S,S,S,S,S,S,S,S,S,S,S,S,S,S,S,S,S,S,S,S,S,S,S,S,S,S,S,S,S,S,S,S,S,S,S,S,S,S,S,S,S,S,S,S,S,S,S,S,S
S,S,S,S,S,S,S,S,S,S,S,S,S,S,S,S,S,S,S,S,S,S,S,S,S,S,S,S,S,S,S,S,S,S,S,S,S,S,S,S,S,S,S,S,S,S,S,S,S,S,S,S,S,S,S,S,S,S,S,S,S,S,S,S,S,S,S,S,S,S,S,S,S,S,S,S,S,S,S,S,S,S,S,S,S,S,S,S,S,S,S,S,S,S,S,S
S,S,S,S,S,S,S,S,S,S,S,S,S,S,S,S,S,S,S,S,S,S,S,S,S,S,S,S,S,S,S,S,S,S,S,S,S,S,S,S,S,S,S,S,S,S,S,S,S,S,S,S,S,S,S,S,S,S,S,S,S,S,S,S,S,S,S,S,S,S,S,S,S,S,S,S,S,S,S,S,S,S,S,S,S,S,S,S,S,S,S,S,S,S,S,S
S,S,S,S,S,S,S,S,S,S,S,S,S,S,S,S,S,S,S,S,S,S,S,S,S,S,S,S,S,S,S,S,S,S,S,S,S,S,S,S,S,S,S,S,S,S,S,S,S,S,S,S,S,S,S,S,S,S,S,S,S,S,S,S,S,S,S,S,S,S,S,S,S,S,S,S,S,S,S,S,S,S,S,S,S,S,S,S,S,S,S,S,S,S,S,S
S,S,S,S,S,S,S,S,S,S,S,S,S,S,S,S,S,S,S,S,S,S,S,S,S,S,S,S,S,S,S,S,S,S,S,S,S,S,S,S,S,S,S,S,S,S,S,S,S,S,S,S,S,S,S,S,S,S,S,S,S,S,S,S,S,S,S,S,S,S,S,S,S,S,S,S,S,S,S,S,S,S,S,S,S,S,S,S,S,S,S,S,S,S,S,S
S,S,S,S,S,S,S,S,S,S,S,S,S,S,S,S,S,S,S,S,S,S,S,S,S,S,S,S,S,S,S,S,S,S,S,S,S,S,S,S,S,S,S,S,S,S,S,S,S,S,S,S,S,S,S,S,S,S,S,S,S,S,S,S,S,S,S,S,S,S,S,S,S,S,S,S,S,S,S,S,S,S,S,S,S,S,S,S,S,S,S,S,S,S,S,S
S,S,S,S,S,S,S,S,S,S,S,S,S,S,S,S,S,S,S,S,S,S,S,S,S,S,S,S,S,S,S,S,S,S,S,S,S,S,S,S,S,S,S,S,S,S,S,S,S,S,S,S,S,S,S,S,S,S,S,S,S,S,S,S,S,S,S,S,S,S,S,S,S,S,S,S,S,S,S,S,S,S,S,S,S,S,S,S,S,S,S,S,S,S,S,S
S,S,S,S,S,S,S,S,S,S,S,S,S,S,S,S,S,S,S,S,S,S,S,S,S,S,S,S,S,S,S,S,S,S,S,S,S,S,S,S,S,S,S,S,S,S,S,S,S,S,S,S,S,S,S,S,S,S,S,S,S,S,S,S,S,S,S,S,S,S,S,S,S,S,S,S,S,S,S,S,S,S,S,S,S,S,S,S,S,S,S,S,S,S,S,S
S,S,S,S,S,S,S,S,S,S,S,S,S,D,D,D,D,D,D,D,D,D,D,D,D,D,D,D,D,D,S,S,S,S,S,S,S,S,S,S,S,S,S,S,S,S,S,S,S,S,S,S,S,S,S,S,S,S,S,S,S,S,S,S,S,S,S,S,S,S,S,S,S,S,S,S,S,S,S,S,S,S,S,S,S,S,S,S,S,S,S,S,S,S,S,S
S,S,S,S,S,S,S,S,S,S,S,S,S,D,D,D,D,D,D,D,D,D,D,D,D,D,D,D,D,D,S,S,S,S,S,S,S,S,S,S,S,S,S,S,S,S,S,S,S,S,S,S,S,S,S,S,S,S,S,S,S,S,S,S,S,S,S,S,S,S,S,S,S,S,S,S,S,S,S,S,S,S,S,S,S,S,S,S,S,S,S,S,S,S,S,S
S,S,S,S,S,S,S,S,S,S,S,S,S,S,S,S,S,S,S,S,S,S,S,S,S,S,S,D,D,S,S,S,S,S,S,S,S,S,S,S,S,S,S,S,S,S,S,S,S,S,S,S,S,S,S,S,S,S,S,S,S,S,S,S,S,S,S,S,S,S,S,S,S,S,S,S,S,S,S,S,S,S,S,S,S,S,S,S,S,S,S,S,S,S,S,S
S,S,S,S,S,S,S,S,S,S,S,S,S,S,S,S,S,S,S,S,S,D,D,D,D,D,D,D,D,D,S,S,S,S,S,S,D,D,D,D,D,D,D,D,S,S,S,S,S,S,S,S,S,S,S,S,D,D,D,D,D,D,S,S,S,S,S,S,S,S,S,S,S,S,S,S,S,S,S,S,S,S,S,S,S,S,S,S,S,S,S,S,S,S,S,S
S,S,S,S,S,S,S,S,S,S,S,S,S,S,S,S,S,S,S,S,S,D,D,D,D,D,D,D,D,D,S,S,S,S,S,S,D,D,D,D,D,D,D,D,S,S,S,S,S,S,S,S,S,S,S,S,D,S,S,S,S,D,S,S,S,S,S,S,S,S,S,S,S,S,S,S,S,S,S,S,S,S,S,S,S,S,S,S,S,S,S,S,S,S,S,S
S,S,S,S,S,S,S,S,S,S,S,S,S,S,S,S,S,S,S,S,S,D,D,S,S,S,S,S,S,S,S,S,S,S,S,S,D,D,D,D,D,D,D,D,D,D,D,D,D,S,S,S,S,S,D,D,D,S,S,S,S,D,S,S,S,S,S,S,S,S,S,S,S,S,S,S,S,S,S,S,S,S,S,S,S,S,S,S,S,S,S,S,S,S,S,S
S,S,S,S,S,S,S,S,S,S,S,S,S,S,S,S,S,S,S,S,S,D,D,S,S,S,S,S,S,S,S,S,S,S,S,S,D,D,D,D,D,D,D,D,S,S,S,S,D,D,D,D,S,S,D,S,S,S,S,S,S,D,S,S,S,S,S,S,S,S,S,S,S,S,S,S,S,S,S,S,S,S,S,S,S,S,S,S,S,S,S,S,S,S,S,S
S,S,S,S,S,S,S,S,S,S,S,S,S,S,S,S,S,S,S,S,S,D,D,D,D,D,D,D,D,D,S,S,S,S,S,S,D,D,D,D,D,D,D,D,S,S,S,S,S,S,S,D,D,D,D,S,S,S,S,S,S,D,S,S,S,S,S,S,S,S,S,S,S,S,S,S,S,S,S,S,S,S,S,S,S,S,S,S,S,S,S,S,S,S,S,S
S,S,S,S,S,S,S,S,S,S,S,S,S,S,S,S,S,S,S,S,S,D,D,D,D,D,D,D,D,D,S,S,S,S,S,S,D,D,D,D,D,D,D,D,S,S,S,S,S,S,S,S,S,S,S,S,S,S,E,D,D,D,S,S,S,S,S,S,S,S,S,S,S,S,S,S,S,S,S,S,S,S,S,S,S,S,S,S,S,S,S,S,S,S,S,S
S,S,S,S,S,S,S,S,S,S,S,S,S,S,S,S,S,S,S,S,S,D,D,D,D,D,D,D,D,D,S,S,S,S,S,S,S,S,D,S,S,S,S,S,S,S,S,S,S,S,S,S,S,S,S,S,S,S,S,S,S,S,S,S,S,S,S,S,S,S,S,S,S,S,S,S,S,S,S,S,S,S,S,S,S,S,S,S,S,S,S,S,S,S,S,S
S,S,S,D,D,D,D,D,D,S,S,S,S,S,S,S,S,S,S,S,S,S,S,S,S,S,S,S,D,D,S,S,S,S,S,S,S,S,D,S,S,S,S,S,S,S,S,S,S,S,S,S,S,S,S,S,S,S,S,S,S,S,S,S,S,S,S,S,S,S,S,S,S,S,S,S,S,S,S,S,S,S,S,S,S,S,S,S,S,S,S,S,S,S,S,S
S,S,E,D,D,D,D,D,D,S,S,S,S,S,S,S,S,S,S,S,S,S,S,S,S,S,S,S,D,D,S,S,S,S,S,S,S,S,D,D,D,D,D,D,D,D,D,D,D,S,S,S,S,S,S,S,S,S,S,S,S,S,S,S,S,S,S,S,S,S,S,S,S,S,S,S,S,S,S,S,S,S,S,S,S,S,S,S,S,S,S,S,S,S,S,S
S,S,S,D,D,D,D,D,D,S,S,S,S,S,S,S,S,S,S,S,S,S,S,S,S,S,S,S,D,D,S,S,S,S,S,S,S,S,S,S,S,S,S,S,S,S,S,S,D,S,S,S,S,S,S,S,S,S,S,S,S,S,S,S,S,S,S,S,S,S,S,S,S,S,S,S,S,S,S,S,S,S,S,S,S,S,S,S,S,S,S,S,S,S,S,S
S,S,D,D,D,D,D,D,D,S,S,S,S,S,S,S,S,S,S,S,S,S,S,S,S,S,S,S,D,D,S,S,S,S,S,S,S,S,S,S,S,S,S,S,S,S,S,S,D,D,D,D,D,D,S,S,S,S,S,S,S,S,S,S,S,S,S,S,S,S,S,S,S,S,S,S,S,S,S,S,S,S,S,S,S,S,S,S,S,S,S,S,S,S,S,S
S,S,S,S,S,S,S,D,D,S,S,S,S,S,S,S,S,S,S,S,S,S,S,S,S,S,S,S,D,D,S,S,S,S,S,S,S,S,S,S,S,S,S,S,S,S,S,S,S,S,S,S,S,D,S,S,S,S,S,S,S,S,S,S,S,S,S,S,S,S,S,S,S,S,S,S,S,S,S,S,S,S,S,S,S,S,S,S,S,S,S,S,S,S,S,S
S,S,S,S,S,S,S,D,D,S,S,S,S,S,S,S,S,S,S,S,S,S,S,S,S,S,S,S,D,D,S,S,S,S,S,S,S,S,S,S,S,S,S,S,S,S,S,S,S,S,S,S,S,D,S,S,S,S,S,S,S,S,S,S,S,S,S,S,S,S,S,S,S,S,S,S,S,S,S,S,S,S,S,S,S,S,S,S,S,S,S,S,S,S,S,S
S,S,S,S,S,S,S,D,D,S,S,S,S,S,S,S,S,S,S,S,S,S,S,S,S,S,S,S,D,D,S,S,S,S,S,S,S,S,S,S,S,S,S,S,S,S,S,S,S,S,S,S,S,D,S,S,S,S,S,S,S,S,S,S,S,S,S,S,S,S,S,S,S,S,S,S,S,S,S,S,S,S,S,S,S,S,S,S,S,S,S,S,S,S,S,S
S,S,S,S,S,S,S,D,D,S,S,S,S,S,S,S,S,S,S,S,S,S,S,S,S,S,S,S,D,D,S,S,S,S,S,S,S,S,S,S,S,S,S,S,S,S,S,S,S,S,S,S,S,D,D,D,D,D,D,S,S,S,S,S,S,S,S,S,S,S,S,S,S,S,S,S,S,S,S,S,S,S,S,S,S,S,S,S,S,S,S,S,S,S,S,S
S,S,D,D,D,D,D,D,D,S,S,S,S,S,S,S,S,S,S,S,S,S,S,S,S,S,S,S,D,D,S,S,S,S,S,S,S,S,S,S,S,S,S,S,S,S,S,S,S,S,S,S,S,S,S,S,S,S,D,S,S,S,S,S,S,S,S,S,S,S,S,S,S,S,S,S,S,S,S,S,S,S,S,S,S,S,S,S,S,S,S,S,S,S,S,S
S,S,D,D,D,D,D,D,D,S,S,S,S,S,S,S,S,S,S,S,S,S,S,S,S,S,S,S,D,D,S,S,S,S,S,S,S,S,S,S,S,S,S,S,S,S,S,S,S,S,S,S,S,S,S,S,S,S,D,S,S,S,S,S,S,S,S,S,S,S,S,S,S,S,S,S,S,S,S,S,S,S,S,S,S,S,S,S,S,S,S,S,S,S,S,S
S,S,D,D,D,D,D,D,D,S,S,S,S,S,S,S,S,S,S,S,S,S,S,S,S,S,S,S,D,D,S,S,S,S,S,S,S,S,S,S,S,S,S,S,S,S,S,S,S,S,C,D,D,D,D,D,D,D,D,S,S,S,S,S,S,S,S,S,S,S,S,S,S,S,S,S,S,S,S,S,S,S,S,S,S,S,S,S,S,S,S,S,S,S,S,S
S,S,D,D,D,D,D,D,D,D,D,D,D,D,D,D,D,D,D,D,D,S,S,S,S,S,S,S,D,D,S,S,S,S,S,S,S,S,S,S,S,S,S,S,S,S,S,S,S,S,S,S,S,S,S,S,S,S,S,S,S,S,S,S,S,S,S,S,S,S,S,S,S,S,S,S,S,S,S,S,S,S,S,S,S,S,S,S,S,S,S,S,S,S,S,S
S,S,D,D,D,D,D,D,D,S,S,S,S,S,S,S,S,S,S,D,D,S,S,S,S,S,S,S,D,D,S,S,S,S,S,S,S,S,S,S,S,S,S,S,S,S,S,S,S,S,S,S,S,S,S,S,S,S,S,S,S,S,S,S,S,S,S,S,S,S,S,S,S,S,S,S,S,S,S,S,S,S,S,S,S,S,S,S,S,S,S,S,S,S,S,S
S,S,D,D,D,D,D,D,D,S,S,S,S,S,S,S,S,S,S,D,D,S,S,S,S,S,S,S,D,D,S,S,S,S,S,S,S,S,S,S,S,S,S,S,S,S,S,S,S,S,S,S,S,S,S,S,S,S,S,S,S,S,S,S,S,S,S,S,S,S,S,S,S,S,S,S,S,S,S,S,S,S,S,S,S,S,S,S,S,S,S,S,S,S,S,S
S,S,D,D,D,D,D,D,D,S,S,S,S,S,S,S,S,S,S,D,D,S,S,S,S,S,S,S,D,D,S,S,S,S,S,S,S,S,S,S,S,S,S,S,S,S,S,S,S,S,S,S,S,S,S,S,S,S,S,S,S,S,S,S,S,S,S,S,S,S,S,S,S,S,S,S,S,S,S,S,S,S,S,S,S,S,S,S,S,S,S,S,S,S,S,S
S,S,D,D,D,D,D,D,D,S,S,S,S,S,S,S,S,S,S,D,D,S,S,S,S,S,S,S,D,D,S,S,S,S,S,S,S,S,S,S,S,S,S,S,S,S,S,S,S,S,S,S,S,S,S,S,S,S,S,S,S,S,S,S,S,S,S,S,S,S,S,S,S,S,S,S,S,S,S,S,S,S,S,S,S,S,S,S,S,S,S,S,S,S,S,S
S,S,D,D,D,D,D,D,D,S,S,S,S,S,S,S,S,S,S,D,D,S,S,S,S,S,S,S,D,D,S,S,S,S,S,S,S,S,S,S,S,S,S,S,S,S,S,S,S,S,S,S,S,S,S,S,S,S,S,S,S,S,S,S,S,S,S,S,S,S,S,S,S,S,S,S,S,S,S,S,S,S,S,S,S,S,S,S,S,S,S,S,S,S,S,S
S,S,D,D,D,D,D,D,D,S,S,S,S,S,S,S,S,S,S,D,D,D,D,D,D,D,D,D,D,D,S,S,S,S,S,S,S,S,S,S,S,S,S,S,S,S,S,S,S,S,S,S,S,S,S,S,S,S,S,S,S,S,S,S,S,S,S,S,S,S,S,S,S,S,S,S,S,S,S,S,S,S,S,S,S,S,S,S,S,S,S,S,S,S,S,S
S,S,D,D,D,D,D,D,D,S,S,S,S,S,S,S,S,S,S,D,D,D,D,D,D,D,D,D,D,D,S,S,S,S,S,S,S,S,S,S,S,S,S,S,S,S,S,S,S,S,S,S,S,S,S,S,S,S,S,S,S,S,S,S,S,S,S,S,S,S,S,S,S,S,S,S,S,S,S,S,S,S,S,S,S,S,S,S,S,S,S,S,S,S,S,S
S,S,D,D,D,D,D,D,D,S,S,S,S,S,S,S,S,S,S,S,S,S,S,S,S,S,S,S,S,S,S,S,S,S,S,S,S,S,S,S,S,S,S,S,S,S,S,S,S,S,S,S,S,S,S,S,S,S,S,S,S,S,S,S,S,S,S,S,S,S,S,S,S,S,S,S,S,S,S,S,S,S,S,S,S,S,S,S,S,S,S,S,S,S,S,S
S,S,D,D,D,D,D,D,D,S,S,S,S,S,S,S,S,S,S,S,S,S,S,S,S,S,S,S,S,S,S,S,S,S,S,S,S,S,S,S,S,S,S,S,S,S,S,S,S,S,S,S,S,S,S,S,S,S,S,S,S,S,S,S,S,S,S,S,S,S,S,S,S,S,S,S,S,S,S,S,S,S,S,S,S,S,S,S,S,S,S,S,S,S,S,S
S,S,D,D,D,D,D,D,D,S,S,S,S,S,S,S,S,S,S,S,S,S,S,S,S,S,S,S,S,S,S,S,S,S,S,S,S,S,S,S,S,S,S,S,S,S,S,S,S,S,S,S,S,S,S,S,S,S,S,S,S,S,S,S,S,S,S,S,S,S,S,S,S,S,S,S,S,S,S,S,S,S,S,S,S,S,S,S,S,S,S,S,S,S,S,S
S,S,D,D,D,D,D,D,D,C,S,S,S,S,S,S,S,S,S,S,S,S,S,S,S,S,S,S,S,S,S,S,S,S,S,S,S,S,S,S,S,S,S,S,S,S,S,S,S,S,S,S,S,S,S,S,S,S,S,S,S,S,S,S,S,S,S,S,S,S,S,S,S,S,S,S,S,S,S,S,S,S,S,S,S,S,S,S,S,S,S,S,S,S,S,S
S,S,S,S,S,S,S,S,S,S,S,S,S,S,S,S,S,S,S,S,S,S,S,S,S,S,S,S,S,S,S,S,S,S,S,S,S,S,S,S,S,S,S,S,S,S,S,S,S,S,S,S,S,S,S,S,S,S,S,S,S,S,S,S,S,S,S,S,S,S,S,S,S,S,S,S,S,S,S,S,S,S,S,S,S,S,S,S,S,S,S,S,S,S,S,S
,,,,,,,,,,,,,,,,,,,,,,,,,,,,,,,,,,,,,,,,,,,,,,,,,,,,,,,,,,,,,,,,,,,,,,,,,,,,,,,,,,,,,,,,,,,,,,,
,Grass,,,,,,,,,,,,,,,,,,,,,,,,,,,,,,,,,,,,,,,,,,,,,,,,,,,,,,,,,,,,,,,,,,,,,,,,,,,,,,,,,,,,,,,,,,,,,,
,Mountain,,,,,,,,,,,,,,,,,,,,,,,,,,,,,,,,,,,,,,,,,,,,,,,,,,,,,,,,,,,,,,,,,,,,,,,,,,,,,,,,,,,,,,,,,,,,,,
,Road,,,,,,,,,,,,,,,,,,,,,,,,,,,,,,,,,,,,,,,,,,,,,,,,,,,,,,,,,,,,,,,,,,,,,,,,,,,,,,,,,,,,,,,,,,,,,,
,Water,,,,,,,,,,,,,,,,,,,,,,,,,,,,,,,,,,,,,,,,,,,,,,,,,,,,,,,,,,,,,,,,,,,,,,,,,,,,,,,,,,,,,,,,,,,,,,
,Treee,,,,,,,,,,,,,,,,,,,,,,,,,,,,,,,,,,,,,,,,,,,,,,,,,,,,,,,,,,,,,,,,,,,,,,,,,,,,,,,,,,,,,,,,,,,,,,
,Void,,,,,,,,,,,,,,,,,,,,,,,,,,,,,,,,,,,,,,,,,,,,,,,,,,,,,,,,,,,,,,,,,,,,,,,,,,,,,,,,,,,,,,,,,,,,,,
,House,,,,,,,,,,,,,,,,,,,,,,,,,,,,,,,,,,,,,,,,,,,,,,,,,,,,,,,,,,,,,,,,,,,,,,,,,,,,,,,,,,,,,,,,,,,,,,
,Entrance ,,,,,(från höger),,,,,,,,,,,,,,,,,,,,,,,,,,,,,,,,,,,,,,,,,,,,,,,,,,,,,,,,,,,,,,,,,,,,,,,,,,,,,,,,,,,,,,,,,
,CaveEntrance,,,,,(från vänster),,,,,,,,,,,,,,,,,,,,,,,,,,,,,,,,,,,,,,,,,,,,,,,,,,,,,,,,,,,,,,,,,,,,,,,,,,,,,,,,,,,,,,,,,
,Dirt,,,,,,,,,,,,,,,,,,,,,,,,,,,,,,,,,,,,,,,,,,,,,,,,,,,,,,,,,,,,,,,,,,,,,,,,,,,,,,,,,,,,,,,,,,,,,,
,Stone,,,,,,,,,,,,,,,,,,,,,,,,,,,,,,,,,,,,,,,,,,,,,,,,,,,,,,,,,,,,,,,,,,,,,,,,,,,,,,,,,,,,,,,,,,,,,,